annee,valeur
1990,1695.63647460938
1991,1786.76281738281
1992,1720.42248535156
1993,1680.71044921875
1994,1830.88061523438
1995,1705.4482421875
1996,1886.67224121094
1997,1828.96862792969
1998,1931.74047851563
1999,1935.47875976563
2000,1957.14135742188
2001,2078.96606445313
2002,2127.50708007813
2003,2229.576171875
2004,2301.08178710938
2005,2342.15478515625
2006,2489.99291992188
2007,2540.615234375
2008,2648.58569335938
2009,2710.66650390625
2010,2767.04223632813
2011,2879.53930664063
2012,2927.45043945313
2013,3008.185546875
2014,3051.458984375
2015,3146.24780273438
2016,3124.42504882813
2017,3242.64428710938
2018,3304.7119140625
2019,3364.73950195313
2020,3090.89428710938
2021,3309.130859375
2022,3334.91162109375
2023,3421.21704101563
2024,3516.15405273438
2025,3643.8095703125
