annee,chomage_total,chomage_femmes,chomage_hommes,chomage_jeunes,chomage_jeunes_f,chomage_jeunes_h,taux_activite,taux_activite_f,ratio_emploi,pib_habitant_usd,croissance_pib
1990,,,,,,,51.239,22.819,,1695.636,3.412
1991,13.502,12.96,13.663,19.736,16.068,21.021,51.211,23.234,44.297,1786.763,7.216
1992,13.781,13.164,13.964,20.074,16.263,21.411,51.27,23.163,44.204,1720.422,-2.098
1993,14.026,13.341,14.229,20.375,16.444,21.755,51.316,23.177,44.118,1680.71,-0.741
1994,13.858,13.224,14.053,20.28,16.44,21.63,51.258,23.8,44.155,1830.881,10.588
1995,14.054,13.364,14.263,20.52,16.558,21.908,51.353,23.557,44.136,1705.448,-5.405
1996,13.362,12.864,13.519,19.893,16.229,21.169,51.275,24.236,44.424,1886.672,12.373
1997,14.025,13.348,14.237,20.612,16.667,21.98,51.332,24.2,44.132,1828.969,-1.561
1998,13.359,12.863,13.518,20.002,16.322,21.271,51.295,24.618,44.442,1931.74,7.239
1999,13.94,13.291,14.149,20.644,16.725,21.99,51.314,24.753,44.161,1935.479,1.697
2000,13.58,13.014,13.764,20.391,16.777,21.627,51.322,24.934,44.353,1957.141,2.582
2001,12.46,12.505,12.445,18.869,16.499,19.677,51.27,25.365,44.882,2078.966,7.722
2002,11.59,12.547,11.277,17.599,16.774,17.884,50.69,24.788,44.815,2127.507,3.73
2003,11.92,13.004,11.56,17.041,15.906,17.438,50.673,25.041,44.633,2229.576,6.171
2004,10.83,11.37,10.648,15.443,14.446,15.796,50.657,25.293,45.171,2301.082,4.571
2005,11.01,11.563,10.822,15.713,14.353,16.199,50.64,25.54,45.065,2342.155,3.192
2006,9.67,9.67,9.67,16.473,14.046,17.349,50.623,25.784,45.728,2489.993,7.791
2007,9.56,9.427,9.606,15.597,12.891,16.589,50.607,26.029,45.769,2540.615,3.441
2008,9.57,9.784,9.494,18.2,15.976,19.026,50.59,26.278,45.749,2648.586,5.685
2009,8.96,9.286,8.846,16.646,14.593,17.388,50.1,25.909,45.611,2710.667,3.746
2010,9.09,9.491,8.951,17.621,15.863,18.239,49.61,25.546,45.1,2767.042,3.5
2011,8.91,10.246,8.451,17.931,17.305,18.15,49.16,25.118,44.78,2879.539,5.525
2012,8.99,9.957,8.665,18.642,19.016,18.514,48.41,24.358,44.058,2927.45,3.062
2013,9.23,9.572,9.112,19.162,18.076,19.546,48.31,24.718,43.851,3008.186,4.122
2014,9.7,10.287,9.497,19.97,17.553,20.872,48.06,24.779,43.398,3051.459,2.719
2015,9.46,10.415,9.132,20.826,21.355,20.623,47.47,24.362,42.979,3146.248,4.345
2016,9.3,10.693,8.837,22.265,22.672,22.122,46.55,23.275,42.221,3124.425,0.521
2017,9.22,10.629,8.761,22.167,22.644,22.005,45.5,22.45,41.305,3242.644,5.058
2018,9.272,10.685,8.822,22.431,22.895,22.278,45.83,22.23,41.581,3304.712,3.066
2019,9.191,10.621,8.746,22.475,22.964,22.319,46.161,21.999,41.918,3364.74,2.891
2020,11.189,12.219,10.879,26.795,27.223,26.663,44.539,20.688,39.556,3090.894,-7.178
2021,10.551,11.901,10.154,25.053,25.779,24.835,45.3,20.697,40.52,3309.131,8.155
2022,9.413,11.046,8.951,22.713,23.128,22.593,44.3,19.584,40.13,3334.912,1.813
2023,8.896,10.578,8.417,21.974,22.532,21.811,44.224,19.671,40.29,3421.217,3.656
2024,9.103,10.76,8.625,22.372,22.82,22.238,44.129,19.827,40.111,3516.154,3.793
2025,9.0,10.626,8.531,21.882,22.592,21.671,43.941,19.696,39.987,3643.81,4.595
